Mutant,Sequence
Wild-Type,MEICRGLRSHLITLLLFLFHSETICRPSGRKSSKMQAFRIWDVNQKTFYLRNNQLVAGYLQGPNVNLEEKIDVVPIEPHALFLGIHGGKMCLSCVKSGDETRLQLEAVNITDLSENRKQDKRFAFIRSDSGPTTSFESAACPGWFLCTAMEADQPVSLTNMPDEGVMVTKFYFQEDE
"22,216 bp deletion",CQFRRKDRCGTH
c.62C>G,MEICRGLRSHLITLLLFLFH
c.396delC,MEICRGLRSHLITLLLFLFHSETICRPSGRKSSKMQAFRIWDVNQKTFYLRNNQLVAGYLQGPNVNLEEKIDVVPIEPHALFLGIHGGKMCLSCVKSGDETRLQLEAVNITDLSENRKQDKRFAFIRSDSGPPPVLSLPPAPVGSSAQRWKLTSPSASPICLTKASWSPNSTSRRTSSTAQACLFPFLHGKDCRDCQSPCPRAPGYGGTEDQPLRGGPSEGVTTTWSQDSASSSTDQPPCCLQNGLSNV
c.213_227del,MEICRGLRSHLITLLLFLFHSETICRPSGRKSSKMQAFRIWDVNQKTFYLRNNQLVAGYLQGPNVNLEEKIEPHALFLGIHGGKMCLSCVKSGDETRLQLEAVNITDLSENRKQDKRFAFIRSDSGPTTSFESAACPGWFLCTAMEADQPVSLTNMPDEGVMVTKFYFQEDE
c.229G>T,MEICRGLRSHLITLLLFLFHSETICRPSGRKSSKMQAFRIWDVNQKTFYLRNNQLVAGYLQGPNVNLEEKIDVVPI
c.355C>T,MEICRGLRSHLITLLLFLFHSETICRPSGRKSSKMQAFRIWDVNQKTFYLRNNQLVAGYLQGPNVNLEEKIDVVPIEPHALFLGIHGGKMCLSCVKSGDETRLQLEAVNITDLSENRK
c.160C>T,MEICRGLRSHLITLLLFLFHSETICRPSGRKSSKMQAFRIWDVNQKTFYLRNN
c.156_157del,MEICRGLRSHLITLLLFLFHSETICRPSGRKSSKMQAFRIWDVNQKTFYLRKPTSCWILARTKCQFRRKDRCGTH
c.76C>T,MEICRGLRSHLITLLLFLFHSETIC
c.229G>T/c.140delC,MEICRGLRSHLITLLLFLFHSETICRPSGRKSSKMQAFRIWDVNQKTSI
c.133C>T,MEICRGLRSHLITLLLFLFHSETICRPSGRKSSKMQAFRIWDVN
c.156del,MEICRGLRSHLITLLLFLFHSETICRPSGRKSSKMQAFRIWDVNQKTFYLRKTN
c.364C>T,MALADLYEEGGGGGGEGEDNADSKETICRPSGRKSSKMQAFRIWDVNQKTFYLRNNQLVAGYLQGPNVNLEEKIDVVPIEPHALFLGIHGGKMCLSCVKSGDETRLQLEAVNITDLSENRK
c.318+2T>G,MEICRGLRSHLITLLLFLFHSETICRPSGRKSSKMQAFRIWDVNQKTFYLRNNQLVAGYLQGPNVNLEGS
c.116+774del2593,MEICRGLRSHLITLLLFLFHSETICRPSGRKSSKMQAFRQLTSLT